{
  "threshold": 0.00908102919925119,
  "in_channels": 1,
  "train_samples": 202,
  "epochs": 30,
  "best_loss": 0.005936164802943285
}