{
  "threshold": 0.017495389690159884,
  "in_channels": 1,
  "train_samples": 202,
  "epochs": 1,
  "best_loss": 0.01519275177270174
}