{
  "threshold": 0.007814957804087525,
  "in_channels": 1,
  "train_samples": 202,
  "epochs": 20,
  "best_loss": 0.007097885979769321
}